Workbook

Sheet Bracket
B1: GRAN QUINELA MUNDIALISTA 2026 · CUADRO DE ELIMINATORIAS | AX1: =B4 -> Alemania | AY1: =B5 -> Paraguay
B2: PARTICIPANTE: | D2: Karla Alonzo | J2: Elige el GANADOR de cada llave (menú desplegable); avanza al centro. Cuadro final: 32 equipos confirmados. Puntos: R32=10 · Octavos=20 · Cuartos=40 · Semis=80 · Final=160 | AX2: =B6 -> Francia | AY2: =B7 -> Suecia
B3: RONDA DE 32 | D3: OCTAVOS | F3: CUARTOS | H3: SEMIS | J3: FINAL | L3: CAMPEÓN | N3: FINAL | P3: SEMIS | R3: CUARTOS | T3: OCTAVOS | V3: RONDA DE 32 | AX3: =B8 -> Sudafrica | AY3: =B9 -> Canada
B4: Alemania | D4: Alemania | F4: Francia | H4: Francia | J4: Francia | N4: Argenina | P4: Brasil | R4: Brasil | T4: Brasil | V4: Brasil | AX4: =B10 -> Paises Bajos | AY4: =B11 -> Marruecos
B5: Paraguay | V5: Japon | AX5: =B12 -> Portugal | AY5: =B13 -> Croacia
B6: Francia | D6: Francia | T6: Noruega | V6: Costa de Marfil | AX6: =B14 -> España | AY6: =B15 -> Austria
B7: Suecia | V7: Noruega | AX7: =B16 -> Estados Unidos | AY7: =B17 -> Bosnia
B8: Sudafrica | D8: Canada | F8: Paises Bajos | R8: Inglaterra | T8: México | V8: México | AX8: =B18 -> Belgica | AY8: =B19 -> Senegal
B9: Canada | L9: Argenina | V9: Ecuador | AX9: =D4 -> Alemania | AY9: =D6 -> Francia
B10: Paises Bajos | D10: Paises Bajos | T10: Inglaterra | V10: Inglaterra | AX10: =D8 -> Canada | AY10: =D10 -> Paises Bajos
B11: Marruecos | V11: RD Congo | AX11: =D12 -> Portugal | AY11: =D14 -> España
B12: Portugal | D12: Portugal | F12: España | H12: España | P12: Argenina | R12: Argenina | T12: Argenina | V12: Argenina | AX12: =D16 -> Estados Unidos | AY12: =D18 -> Senegal
B13: Croacia | V13: Cabo Verde | AX13: =F4 -> Francia | AY13: =F8 -> Paises Bajos
B14: España | D14: España | T14: Australia | V14: Australia | AX14: =F12 -> España | AY14: =F16 -> Estados Unidos
B15: Austria | L15: 🏆 Tu Campeón | V15: Egipto | AX15: =H4 -> Francia | AY15: =H12 -> España
B16: Estados Unidos | D16: Estados Unidos | F16: Estados Unidos | R16: Suiza | T16: Suiza | V16: Suiza | AX16: =V4 -> Brasil | AY16: =V5 -> Japon
B17: Bosnia | V17: Algeria | AX17: =V6 -> Costa de Marfil | AY17: =V7 -> Noruega
B18: Belgica | D18: Senegal | T18: Colombia | V18: Colombia | AX18: =V8 -> México | AY18: =V9 -> Ecuador
B19: Senegal | V19: Ghana | AX19: =V10 -> Inglaterra | AY19: =V11 -> RD Congo
AX20: =V12 -> Argenina | AY20: =V13 -> Cabo Verde
AX21: =V14 -> Australia | AY21: =V15 -> Egipto
AX22: =V16 -> Suiza | AY22: =V17 -> Algeria
AX23: =V18 -> Colombia | AY23: =V19 -> Ghana
AX24: =T4 -> Brasil | AY24: =T6 -> Noruega
AX25: =T8 -> México | AY25: =T10 -> Inglaterra
AX26: =T12 -> Argenina | AY26: =T14 -> Australia
AX27: =T16 -> Suiza | AY27: =T18 -> Colombia
AX28: =R4 -> Brasil | AY28: =R8 -> Inglaterra
AX29: =R12 -> Argenina | AY29: =R16 -> Suiza
AX30: =P4 -> Brasil | AY30: =P12 -> Argenina
AX31: =J4 -> Francia | AY31: =N4 -> Argenina

Sheet Instrucciones
B1: CÓMO LLENAR EL CUADRO
B3: En la hoja «Bracket» verás el cuadro completo: 16 equipos a la izquierda y 16 a la derecha, que avanzan hacia el centro (la Final y el Campeón).
B5: 1) Escribe tu nombre en la celda amarilla (arriba a la izquierda).
B7: 2) En cada llave azul, abre el menú y elige el equipo que AVANZA.
B8: Empieza por la columna OCTAVOS (ganadores de la Ronda de 32) y ve avanzando hacia el centro: Cuartos, Semis, Final y Campeón. Tu elección aparece automáticamente como opción en la ronda siguiente.
B10: 3) Colores
B11: • Verde = selección válida hecha. • Naranja = quedó «huérfana» (cambiaste una ronda previa): vuelve a elegir.
B12: • Fase de grupos concluida: los 32 equipos del cuadro están confirmados (sin plazas pendientes).
B14: PUNTOS POR ACIERTO (se calculan al consolidar)
B15: • Ronda de 32 — 10 pts
B16: • Octavos — 20 pts
B17: • Cuartos — 40 pts
... B21: Devuelve el archivo con tu nombre; el organizador junta los 16 (hoja «Export») y arma la tabla.

Sheet Export
A1: participante | B1: match_id | C1: ronda | D1: puntos | E1: equipo_a | F1: equipo_b | G1: mi_pick
A2: =Bracket!$D$2 -> Karla Alonzo | B2: 73 | C2: Ronda de 32 | D2: 10 | E2: =Bracket!B8 -> Sudafrica | F2: =Bracket!B9 -> Canada | G2: =Bracket!D8 -> Canada
A3: =Bracket!$D$2 -> Karla Alonzo | B3: 74 | C3: Ronda de 32 | D3: 10 | E3: =Bracket!B4 -> Alemania | F3: =Bracket!B5 -> Paraguay | G3: =Bracket!D4 -> Alemania
A4: =Bracket!$D$2 -> Karla Alonzo | B4: 75 | C4: Ronda de 32 | D4: 10 | E4: =Bracket!B10 -> Paises Bajos | F4: =Bracket!B11 -> Marruecos | G4: =Bracket!D10 -> Paises Bajos
A5: =Bracket!$D$2 -> Karla Alonzo | B5: 76 | C5: Ronda de 32 | D5: 10 | E5: =Bracket!V4 -> Brasil | F5: =Bracket!V5 -> Japon | G5: =Bracket!T4 -> Brasil
A6: =Bracket!$D$2 -> Karla Alonzo | B6: 77 | C6: Ronda de 32 | D6: 10 | E6: =Bracket!B6 -> Francia | F6: =Bracket!B7 -> Suecia | G6: =Bracket!D6 -> Francia
A7: =Bracket!$D$2 -> Karla Alonzo | B7: 78 | C7: Ronda de 32 | D7: 10 | E7: =Bracket!V6 -> Costa de Marfil | F7: =Bracket!V7 -> Noruega | G7: =Bracket!T6 -> Noruega
A8: =Bracket!$D$2 -> Karla Alonzo | B8: 79 | C8: Ronda de 32 | D8: 10 | E8: =Bracket!V8 -> México | F8: =Bracket!V9 -> Ecuador | G8: =Bracket!T8 -> México
A9: =Bracket!$D$2 -> Karla Alonzo | B9: 80 | C9: Ronda de 32 | D9: 10 | E9: =Bracket!V10 -> Inglaterra | F9: =Bracket!V11 -> RD Congo | G9: =Bracket!T10 -> Inglaterra
A10: =Bracket!$D$2 -> Karla Alonzo | B10: 81 | C10: Ronda de 32 | D10: 10 | E10: =Bracket!B16 -> Estados Unidos | F10: =Bracket!B17 -> Bosnia | G10: =Bracket!D16 -> Estados Unidos
A11: =Bracket!$D$2 -> Karla Alonzo | B11: 82 | C11: Ronda de 32 | D11: 10 | E11: =Bracket!B18 -> Belgica | F11: =Bracket!B19 -> Senegal | G11: =Bracket!D18 -> Senegal
A12: =Bracket!$D$2 -> Karla Alonzo | B12: 83 | C12: Ronda de 32 | D12: 10 | E12: =Bracket!B12 -> Portugal | F12: =Bracket!B13 -> Croacia | G12: =Bracket!D12 -> Portugal
A13: =Bracket!$D$2 -> Karla Alonzo | B13: 84 | C13: Ronda de 32 | D13: 10 | E13: =Bracket!B14 -> España | F13: =Bracket!B15 -> Austria | G13: =Bracket!D14 -> España
A14: =Bracket!$D$2 -> Karla Alonzo | B14: 85 | C14: Ronda de 32 | D14: 10 | E14: =Bracket!V16 -> Suiza | F14: =Bracket!V17 -> Algeria | G14: =Bracket!T16 -> Suiza
A15: =Bracket!$D$2 -> Karla Alonzo | B15: 86 | C15: Ronda de 32 | D15: 10 | E15: =Bracket!V12 -> Argenina | F15: =Bracket!V13 -> Cabo Verde | G15: =Bracket!T12 -> Argenina
A16: =Bracket!$D$2 -> Karla Alonzo | B16: 87 | C16: Ronda de 32 | D16: 10 | E16: =Bracket!V18 -> Colombia | F16: =Bracket!V19 -> Ghana | G16: =Bracket!T18 -> Colombia
A17: =Bracket!$D$2 -> Karla Alonzo | B17: 88 | C17: Ronda de 32 | D17: 10 | E17: =Bracket!V14 -> Australia | F17: =Bracket!V15 -> Egipto | G17: =Bracket!T14 -> Australia
A18: =Bracket!$D$2 -> Karla Alonzo | B18: 89 | C18: Octavos | D18: 20 | E18: =Bracket!D4 -> Alemania | F18: =Bracket!D6 -> Francia | G18: =Bracket!F4 -> Francia
A19: =Bracket!$D$2 -> Karla Alonzo | B19: 90 | C19: Octavos | D19: 20 | E19: =Bracket!D8 -> Canada | F19: =Bracket!D10 -> Paises Bajos | G19: =Bracket!F8 -> Paises Bajos
A20: =Bracket!$D$2 -> Karla Alonzo | B20: 91 | C20: Octavos | D20: 20 | E20: =Bracket!T4 -> Brasil | F20: =Bracket!T6 -> Noruega | G20: =Bracket!R4 -> Brasil
A21: =Bracket!$D$2 -> Karla Alonzo | B21: 92 | C21: Octavos | D21: 20 | E21: =Bracket!T8 -> México | F21: =Bracket!T10 -> Inglaterra | G21: =Bracket!R8 -> Inglaterra
A22: =Bracket!$D$2 -> Karla Alonzo | B22: 93 | C22: Octavos | D22: 20 | E22: =Bracket!D12 -> Portugal | F22: =Bracket!D14 -> España | G22: =Bracket!F12 -> España
A23: =Bracket!$D$2 -> Karla Alonzo | B23: 94 | C23: Octavos | D23: 20 | E23: =Bracket!D16 -> Estados Unidos | F23: =Bracket!D18 -> Senegal | G23: =Bracket!F16 -> Estados Unidos
A24: =Bracket!$D$2 -> Karla Alonzo | B24: 95 | C24: Octavos | D24: 20 | E24: =Bracket!T12 -> Argenina | F24: =Bracket!T14 -> Australia | G24: =Bracket!R12 -> Argenina
A25: =Bracket!$D$2 -> Karla Alonzo | B25: 96 | C25: Octavos | D25: 20 | E25: =Bracket!T16 -> Suiza | F25: =Bracket!T18 -> Colombia | G25: =Bracket!R16 -> Suiza
A26: =Bracket!$D$2 -> Karla Alonzo | B26: 97 | C26: Cuartos | D26: 40 | E26: =Bracket!F4 -> Francia | F26: =Bracket!F8 -> Paises Bajos | G26: =Bracket!H4 -> Francia
A27: =Bracket!$D$2 -> Karla Alonzo | B27: 98 | C27: Cuartos | D27: 40 | E27: =Bracket!F12 -> España | F27: =Bracket!F16 -> Estados Unidos | G27: =Bracket!H12 -> España
A28: =Bracket!$D$2 -> Karla Alonzo | B28: 99 | C28: Cuartos | D28: 40 | E28: =Bracket!R4 -> Brasil | F28: =Bracket!R8 -> Inglaterra | G28: =Bracket!P4 -> Brasil
A29: =Bracket!$D$2 -> Karla Alonzo | B29: 100 | C29: Cuartos | D29: 40 | E29: =Bracket!R12 -> Argenina | F29: =Bracket!R16 -> Suiza | G29: =Bracket!P12 -> Argenina
A30: =Bracket!$D$2 -> Karla Alonzo | B30: 101 | C30: Semifinal | D30: 80 | E30: =Bracket!H4 -> Francia | F30: =Bracket!H12 -> España | G30: =Bracket!J4 -> Francia
A31: =Bracket!$D$2 -> Karla Alonzo | B31: 102 | C31: Semifinal | D31: 80 | E31: =Bracket!P4 -> Brasil | F31: =Bracket!P12 -> Argenina | G31: =Bracket!N4 -> Argenina
A32: =Bracket!$D$2 -> Karla Alonzo | B32: 103 | C32: Final | D32: 160 | E32: =Bracket!J4 -> Francia | F32: =Bracket!N4 -> Argenina | G32: =Bracket!L9 -> Argenina
