Workbook

Sheet Group Stage
B2: Gran Quinela Mundialista RMP / PEYITO
F3: Pago: | G3: 20 | H3: 0 | I3: 20 | J3: 20 | K3: 20 | L3: 20 | M3: 20 | N3: 20 | O3: 20 | P3: 20 | Q3: 20 | R3: 0 | S3: 0 | T3: 0 | U3: 0
B4: # | C4: Group | D4: Date | E4: Match | F4: Official Result | G4: Enrique | H4: Raul MP | I4: Fernando MP | J4: MATTHEW | K4: Karla Alonzo | L4: Milena | M4: Eduardo MP | N4: Miranda | O4: Juan Corredor | P4: Eddie y Liza | Q4: AX ML | R4: Ricardo JR | S4: Carito | T4: Peyito | U4: Eduardo Sama
B5: 1 | C5: Group A | D5: Jun 11 | E5: South Africa vs Mexico | F5: 2 | G5: 2 | H5: X | I5: X | J5: X | K5: 2 | L5: 2 | M5: 2 | N5: 2 | O5: 2 | P5: 2 | Q5: 2 | R5: 2 | S5: 2 | T5: 2 | U5: 2
B6: 2 | C6: Group A | D6: Jun 12 | E6: Czech Republic vs South Korea | G6: X | H6: 1 | I6: 1 | J6: 2 | K6: x | L6: X | M6: x | N6: 2 | O6: X | P6: X | Q6: X | R6: X | S6: 2 | T6: 1 | U6: x
B7: 3 | C7: Group A | D7: Jun 18 | E7: South Africa vs Czech Republic | G7: 2 | H7: 2 | I7: 1 | J7: 2 | K7: 2 | L7: 1 | M7: 2 | N7: 2 | O7: 2 | P7: 2 | Q7: 2 | R7: 2 | S7: 2 | T7: 2 | U7: 2
B8: 4 | C8: Group A | D8: Jun 19 | E8: South Korea vs Mexico | G8: X | H8: 1 | I8: 2 | J8: 2 | K8: x | L8: 2 | M8: 2 | N8: x | O8: 2 | P8: 2 | Q8: 2 | R8: 2 | S8: 2 | T8: 1 | U8: 2
B9: 5 | C9: Group A | D9: Jun 25 | E9: South Korea vs South Africa | G9: 1 | H9: 1 | I9: X | J9: 2 | K9: 1 | L9: 2 | M9: 1 | N9: 1 | O9: 1 | P9: 1 | Q9: 1 | R9: 1 | S9: 1 | T9: 1 | U9: 1
B10: 6 | C10: Group A | D10: Jun 25 | E10: Mexico vs Czech Republic | G10: 1 | H10: X | I10: 1 | J10: 2 | K10: 1 | L10: 1 | M10: 1 | N10: 1 | O10: 1 | P10: 1 | Q10: X | R10: X | S10: x | T10: x | U10: 1
B11: 7 | C11: Group B | D11: Jun 12 | E11: Bosnia-Herzegovina vs Canada | G11: X | H11: X | I11: 1 | J11: X | K11: x | L11: 2 | M11: x | N11: 2 | O11: 2 | P11: 2 | Q11: X | R11: 2 | S11: 2 | T11: x | U11: 2
B12: 8 | C12: Group B | D12: Jun 13 | E12: Switzerland vs Qatar | G12: X | H12: 1 | I12: X | J12: 2 | K12: 1 | L12: 1 | M12: 1 | N12: 1 | O12: 1 | P12: X | Q12: 1 | R12: 1 | S12: 1 | T12: 1 | U12: 1
B13: 9 | C13: Group B | D13: Jun 18 | E13: Bosnia-Herzegovina vs Switzerland | G13: X | H13: 2 | I13: 1 | J13: X | K13: 2 | L13: 2 | M13: x | N13: 2 | O13: 2 | P13: 2 | Q13: 2 | R13: 2 | S13: 2 | T13: 2 | U13: 2
B14: 10 | C14: Group B | D14: Jun 18 | E14: Qatar vs Canada | G14: 2 | H14: 2 | I14: X | J14: 2 | K14: 2 | L14: 2 | M14: 2 | N14: 2 | O14: 2 | P14: 2 | Q14: 2 | R14: 2 | S14: 1 | T14: 2 | U14: 2
B15: 11 | C15: Group B | D15: Jun 24 | E15: Canada vs Switzerland | G15: X | H15: 2 | I15: 2 | J15: 2 | K15: x | L15: 2 | M15: 2 | N15: 2 | O15: 1 | P15: 1 | Q15: 1 | R15: X | S15: 2 | T15: x | U15: x
B16: 12 | C16: Group B | D16: Jun 24 | E16: Qatar vs Bosnia-Herzegovina | G16: 1 | H16: X | I16: X | J16: X | K16: x | L16: X | M16: 2 | N16: x | O16: 1 | P16: 1 | Q16: X | R16: 2 | S16: x | T16: x | U16: 2
B17: 13 | C17: Group C | D17: Jun 13 | E17: Morocco vs Brazil | G17: X | H17: X | I17: 2 | J17: 2 | K17: x | L17: 2 | M17: 2 | N17: x | O17: 2 | P17: 2 | Q17: 2 | R17: 2 | S17: 2 | T17: x | U17: 2
B18: 14 | C18: Group C | D18: Jun 14 | E18: Scotland vs Haiti | G18: 1 | H18: 1 | I18: X | J18: 2 | K18: 1 | L18: 1 | M18: 1 | N18: 1 | O18: 1 | P18: 1 | Q18: 1 | R18: 1 | S18: 1 | T18: 1 | U18: 1
B19: 15 | C19: Group C | D19: Jun 19 | E19: Morocco vs Scotland | G19: 1 | H19: X | I19: 1 | J19: X | K19: 1 | L19: 2 | M19: x | N19: 1 | O19: 1 | P19: 1 | Q19: 1 | R19: 1 | S19: 2 | T19: 1 | U19: 1
B20: 16 | C20: Group C | D20: Jun 20 | E20: Haiti vs Brazil | G20: 2 | H20: 2 | I20: 2 | J20: 2 | K20: 2 | L20: 2 | M20: 2 | N20: 2 | O20: 2 | P20: 2 | Q20: 2 | R20: 2 | S20: 2 | T20: 2 | U20: 2
B21: 17 | C21: Group C | D21: Jun 24 | E21: Brazil vs Scotland | G21: 1 | H21: 1 | I21: 1 | J21: 2 | K21: 1 | L21: 1 | M21: 1 | N21: 1 | O21: 1 | P21: 1 | Q21: 1 | R21: 1 | S21: 1 | T21: 1 | U21: 1
B22: 18 | C22: Group C | D22: Jun 24 | E22: Haiti vs Morocco | G22: 2 | H22: 2 | I22: 1 | J22: 1 | K22: 2 | L22: X | M22: 2 | N22: 2 | O22: 2 | P22: 2 | Q22: 2 | R22: 2 | S22: 2 | T22: 2 | U22: 2
B23: 19 | C23: Group D | D23: Jun 13 | E23: Paraguay vs USA | G23: X | H23: X | I23: X | J23: 2 | K23: x | L23: 2 | M23: x | N23: x | O23: 1 | P23: 2 | Q23: X | R23: 2 | S23: 2 | T23: x | U23: 2
B24: 20 | C24: Group D | D24: Jun 14 | E24: Turkey vs Australia | G24: 1 | H24: 1 | I24: 1 | J24: 2 | K24: 1 | L24: 1 | M24: 1 | N24: x | O24: 2 | P24: 1 | Q24: 1 | R24: 1 | S24: 1 | T24: 1 | U24: 1
B25: 21 | C25: Group D | D25: Jun 19 | E25: Australia vs USA | G25: 2 | H25: 2 | I25: 2 | J25: 2 | K25: 2 | L25: X | M25: 2 | N25: 2 | O25: 2 | P25: X | Q25: 2 | R25: 2 | S25: 2 | T25: 2 | U25: 2
B26: 22 | C26: Group D | D26: Jun 20 | E26: Paraguay vs Turkey | G26: 2 | H26: 1 | I26: X | J26: 2 | K26: x | L26: 2 | M26: x | N26: 1 | O26: 1 | P26: 2 | Q26: X | R26: X | S26: 2 | T26: x | U26: 2
B27: 23 | C27: Group D | D27: Jun 26 | E27: USA vs Turkey | G27: 2 | H27: 2 | I27: X | J27: 2 | K27: 2 | L27: 1 | M27: x | N27: 1 | O27: 1 | P27: 2 | Q27: 2 | R27: X | S27: 2 | T27: 2 | U27: 1
B28: 24 | C28: Group D | D28: Jun 26 | E28: Australia vs Paraguay | G28: 2 | H28: 2 | I28: 2 | J28: X | K28: x | L28: 1 | M28: 2 | N28: 2 | O28: X | P28: 2 | Q28: 2 | R28: 2 | S28: 2 | T28: 2 | U28: x
B29: 25 | C29: Group E | D29: Jun 14 | E29: Germany vs Curaçao | G29: 1 | H29: 1 | I29: 1 | J29: 1 | K29: 1 | L29: 1 | M29: 1 | N29: 1 | O29: 1 | P29: 1 | Q29: 1 | R29: 1 | S29: 1 | T29: 1 | U29: 1
B30: 26 | C30: Group E | D30: Jun 14 | E30: Ecuador vs Ivory Coast | G30: 1 | H30: 1 | I30: 2 | J30: X | K30: x | L30: 1 | M30: 1 | N30: x | O30: 1 | P30: 2 | Q30: 1 | R30: X | S30: 1 | T30: 1 | U30: x
B31: 27 | C31: Group E | D31: Jun 20 | E31: Ivory Coast vs Germany | G31: X | H31: 2 | I31: X | J31: 2 | K31: 2 | L31: 2 | M31: 2 | N31: 2 | O31: 2 | P31: 2 | Q31: 2 | R31: 2 | S31: 2 | T31: 2 | U31: 2
B32: 28 | C32: Group E | D32: Jun 21 | E32: Curaçao vs Ecuador | G32: 2 | H32: 2 | I32: 2 | J32: X | K32: 2 | L32: 2 | M32: 2 | N32: 2 | O32: 2 | P32: X | Q32: 2 | R32: 2 | S32: 2 | T32: 2 | U32: 2
B33: 29 | C33: Group E | D33: Jun 25 | E33: Germany vs Ecuador | G33: 1 | H33: 1 | I33: 1 | J33: 2 | K33: 1 | L33: X | M33: x | N33: 1 | O33: 1 | P33: 1 | Q33: 1 | R33: X | S33: 1 | T33: 1 | U33: 1
B34: 30 | C34: Group E | D34: Jun 25 | E34: Ivory Coast vs Curaçao | G34: 1 | H34: 1 | I34: 1 | J34: 2 | K34: 1 | L34: 1 | M34: 1 | N34: 1 | O34: 1 | P34: 2 | Q34: 1 | R34: 1 | S34: x | T34: 1 | U34: 1
B35: 31 | C35: Group F | D35: Jun 14 | E35: Japan vs Netherlands | G35: 2 | H35: x | I35: X | J35: 2 | K35: x | L35: 2 | M35: 2 | N35: 1 | O35: X | P35: 2 | Q35: 2 | R35: X | S35: 2 | T35: x | U35: 2
B36: 32 | C36: Group F | D36: Jun 15 | E36: Tunisia vs Sweden | G36: X | H36: 2 | I36: 2 | J36: 2 | K36: x | L36: 2 | M36: x | N36: 2 | O36: 1 | P36: 2 | Q36: X | R36: X | S36: x | T36: x | U36: 2
B37: 33 | C37: Group F | D37: Jun 20 | E37: Sweden vs Netherlands | G37: 2 | H37: 2 | I37: X | J37: 2 | K37: 2 | L37: X | M37: 2 | N37: 2 | O37: 2 | P37: 2 | Q37: 2 | R37: 2 | S37: 2 | T37: 2 | U37: 2
B38: 34 | C38: Group F | D38: Jun 21 | E38: Japan vs Tunisia | G38: 1 | H38: 1 | I38: 1 | J38: 1 | K38: 1 | L38: 1 | M38: x | N38: 1 | O38: 1 | P38: 1 | Q38: 1 | R38: 1 | S38: 1 | T38: 1 | U38: 1
B39: 35 | C39: Group F | D39: Jun 25 | E39: Netherlands vs Tunisia | G39: 1 | H39: 1 | I39: 1 | J39: X | K39: 1 | L39: 1 | M39: 1 | N39: 1 | O39: 1 | P39: 1 | Q39: 1 | R39: 1 | S39: 1 | T39: 1 | U39: 1
B40: 36 | C40: Group F | D40: Jun 25 | E40: Sweden vs Japan | G40: 2 | H40: x | I40: X | J40: 2 | K40: x | L40: X | M40: 2 | N40: 2 | O40: 2 | P40: 2 | Q40: 2 | R40: X | S40: x | T40: x | U40: x
B41: 37 | C41: Group G | D41: Jun 15 | E41: Egypt vs Belgium | G41: 2 | H41: 2 | I41: 2 | J41: 1 | K41: 2 | L41: 2 | M41: 2 | N41: 2 | O41: 2 | P41: 2 | Q41: 2 | R41: 2 | S41: 2 | T41: 2 | U41: 2
B42: 38 | C42: Group G | D42: Jun 16 | E42: New Zealand vs Iran | G42: 2 | H42: x | I42: 2 | J42: 1 | K42: 2 | L42: 1 | M42: 2 | N42: 2 | O42: 2 | P42: 1 | Q42: 2 | R42: 2 | S42: 1 | T42: x | U42: 2
B43: 39 | C43: Group G | D43: Jun 21 | E43: Iran vs Belgium | G43: X | H43: 2 | I43: X | J43: 2 | K43: x | L43: 2 | M43: 2 | N43: 2 | O43: 2 | P43: 2 | Q43: 2 | R43: X | S43: 2 | T43: 2 | U43: 2
B44: 40 | C44: Group G | D44: Jun 22 | E44: Egypt vs New Zealand | G44: 1 | H44: x | I44: 2 | J44: 2 | K44: 1 | L44: 2 | M44: 1 | N44: x | O44: 1 | P44: 1 | Q44: 1 | R44: 1 | S44: 1 | T44: 1 | U44: 1
B45: 41 | C45: Group G | D45: Jun 27 | E45: Belgium vs New Zealand | G45: 1 | H45: 1 | I45: 1 | J45: 2 | K45: 1 | L45: 1 | M45: 1 | N45: 1 | O45: 1 | P45: 1 | Q45: 1 | R45: 1 | S45: x | T45: 1 | U45: 1
B46: 42 | C46: Group G | D46: Jun 27 | E46: Iran vs Egypt | G46: 2 | H46: 2 | I46: X | J46: 1 | K46: x | L46: 1 | M46: x | N46: 1 | O46: 1 | P46: 2 | Q46: X | R46: X | S46: 2 | T46: 2 | U46: x
B47: 43 | C47: Group H | D47: Jun 15 | E47: Cape Verde vs Spain | G47: 2 | H47: 2 | I47: 2 | J47: 2 | K47: 2 | L47: 2 | M47: 2 | N47: 2 | O47: 2 | P47: 2 | Q47: 2 | R47: 2 | S47: 2 | T47: 2 | U47: 2
B48: 44 | C48: Group H | D48: Jun 15 | E48: Uruguay vs Saudi Arabia | G48: 1 | H48: 1 | I48: 1 | J48: 1 | K48: 1 | L48: 1 | M48: 1 | N48: 1 | O48: 1 | P48: 1 | Q48: 1 | R48: 1 | S48: 2 | T48: 1 | U48: 1
B49: 45 | C49: Group H | D49: Jun 21 | E49: Saudi Arabia vs Spain | G49: 2 | H49: 2 | I49: 2 | J49: 2 | K49: 2 | L49: 2 | M49: 2 | N49: 2 | O49: 2 | P49: 2 | Q49: 2 | R49: 2 | S49: 2 | T49: 2 | U49: 2
B50: 46 | C50: Group H | D50: Jun 21 | E50: Cape Verde vs Uruguay | G50: 2 | H50: 2 | I50: 2 | J50: 2 | K50: 2 | L50: 2 | M50: 2 | N50: 2 | O50: 2 | P50: 2 | Q50: 2 | R50: 2 | S50: x | T50: 2 | U50: 2
B51: 47 | C51: Group H | D51: Jun 27 | E51: Spain vs Uruguay | G51: 1 | H51: 1 | I51: X | J51: 2 | K51: 2 | L51: 1 | M51: x | N51: x | O51: 1 | P51: 1 | Q51: 1 | R51: X | S51: 1 | T51: 1 | U51: 1
B52: 48 | C52: Group H | D52: Jun 27 | E52: Saudi Arabia vs Cape Verde | G52: 1 | H52: x | I52: X | J52: X | K52: x | L52: 1 | M52: 1 | N52: x | O52: 1 | P52: 1 | Q52: X | R52: 2 | S52: 1 | T52: x | U52: 1
B53: 49 | C53: Group I | D53: Jun 16 | E53: Senegal vs France | G53: X | H53: x | I53: X | J53: 2 | K53: 2 | L53: 2 | M53: 2 | N53: 2 | O53: 2 | P53: 1 | Q53: 2 | R53: 2 | S53: 2 | T53: x | U53: 2
B54: 50 | C54: Group I | D54: Jun 16 | E54: Norway vs Iraq | G54: X | H54: 1 | I54: 1 | J54: 2 | K54: 1 | L54: 1 | M54: 1 | N54: 1 | O54: 1 | P54: 1 | Q54: 1 | R54: 1 | S54: 1 | T54: 1 | U54: 1
B55: 51 | C55: Group I | D55: Jun 22 | E55: Iraq vs France | G55: 2 | H55: 2 | I55: 2 | J55: 2 | K55: 2 | L55: 2 | M55: 2 | N55: 2 | O55: 2 | P55: 2 | Q55: 2 | R55: 2 | S55: 2 | T55: 2 | U55: 2
B56: 52 | C56: Group I | D56: Jun 23 | E56: Senegal vs Norway | G56: 1 | H56: x | I56: X | J56: 2 | K56: x | L56: 2 | M56: 2 | N56: 1 | O56: 1 | P56: X | Q56: X | R56: X | S56: x | T56: x | U56: x
B57: 53 | C57: Group I | D57: Jun 26 | E57: France vs Norway | G57: 1 | H57: 1 | I57: 1 | J57: 1 | K57: 1 | L57: X | M57: 1 | N57: 1 | O57: 1 | P57: 2 | Q57: 1 | R57: 1 | S57: 1 | T57: 1 | U57: 1
B58: 54 | C58: Group I | D58: Jun 26 | E58: Iraq vs Senegal | G58: 2 | H58: 2 | I58: X | J58: 2 | K58: 2 | L58: X | M58: x | N58: x | O58: 2 | P58: 2 | Q58: 2 | R58: 2 | S58: 1 | T58: 2 | U58: 2
B59: 55 | C59: Group J | D59: Jun 17 | E59: Algeria vs Argentina | G59: 2 | H59: 2 | I59: X | J59: 2 | K59: 2 | L59: 2 | M59: 2 | N59: 2 | O59: 2 | P59: 2 | Q59: 2 | R59: 2 | S59: 2 | T59: 2 | U59: 2
B60: 56 | C60: Group J | D60: Jun 17 | E60: Jordan vs Austria | G60: 2 | H60: 2 | I60: 2 | J60: X | K60: 2 | L60: 2 | M60: 2 | N60: 2 | O60: 2 | P60: 2 | Q60: 2 | R60: 2 | S60: 2 | T60: 2 | U60: 2
B61: 57 | C61: Group J | D61: Jun 22 | E61: Austria vs Argentina | G61: 2 | H61: x | I61: 2 | J61: 2 | K61: x | L61: 2 | M61: 2 | N61: 2 | O61: 2 | P61: 2 | Q61: 2 | R61: X | S61: 2 | T61: x | U61: 2
B62: 58 | C62: Group J | D62: Jun 23 | E62: Algeria vs Jordan | G62: 1 | H62: x | I62: 1 | J62: 1 | K62: 1 | L62: 2 | M62: 1 | N62: 1 | O62: 1 | P62: 1 | Q62: 1 | R62: 1 | S62: 2 | T62: 1 | U62: 1
B63: 59 | C63: Group J | D63: Jun 28 | E63: Austria vs Algeria | G63: X | H63: 1 | I63: 1 | J63: X | K63: x | L63: 1 | M63: x | N63: x | O63: 2 | P63: 1 | Q63: X | R63: 1 | S63: 1 | T63: 1 | U63: 1
B64: 60 | C64: Group J | D64: Jun 28 | E64: Argentina vs Jordan | G64: 1 | H64: 1 | I64: 1 | J64: 1 | K64: 1 | L64: 1 | M64: 1 | N64: 1 | O64: 1 | P64: 1 | Q64: 1 | R64: 1 | S64: 1 | T64: 1 | U64: 1
B65: 61 | C65: Group K | D65: Jun 17 | E65: Portugal vs DR Congo | G65: 1 | H65: 1 | I65: X | J65: 1 | K65: 1 | L65: 1 | M65: 1 | N65: 1 | O65: 1 | P65: 1 | Q65: 1 | R65: 1 | S65: 1 | T65: 1 | U65: 1
B66: 62 | C66: Group K | D66: Jun 17 | E66: Uzbekistan vs Colombia | G66: 2 | H66: 2 | I66: X | J66: 2 | K66: 2 | L66: 2 | M66: 2 | N66: 2 | O66: 2 | P66: 2 | Q66: 2 | R66: 2 | S66: 2 | T66: 2 | U66: 2
B67: 63 | C67: Group K | D67: Jun 23 | E67: Portugal vs Uzbekistan | G67: 1 | H67: 1 | I67: 1 | J67: 1 | K67: 1 | L67: 1 | M67: 1 | N67: 1 | O67: 1 | P67: 1 | Q67: 1 | R67: 1 | S67: 1 | T67: 1 | U67: 1
B68: 64 | C68: Group K | D68: Jun 23 | E68: Colombia vs DR Congo | G68: 1 | H68: 1 | I68: X | J68: X | K68: 1 | L68: X | M68: 1 | N68: 1 | O68: 1 | P68: 1 | Q68: 1 | R68: 2 | S68: 1 | T68: 1 | U68: 1
B69: 65 | C69: Group K | D69: Jun 27 | E69: Colombia vs Portugal | G69: X | H69: x | I69: 1 | J69: 1 | K69: 1 | L69: 2 | M69: x | N69: 1 | O69: 1 | P69: 2 | Q69: 2 | R69: X | S69: 2 | T69: x | U69: 2
B70: 66 | C70: Group K | D70: Jun 27 | E70: DR Congo vs Uzbekistan | G70: 1 | H70: x | I70: 1 | J70: 2 | K70: x | L70: 2 | M70: 2 | N70: x | O70: 1 | P70: 2 | Q70: 1 | R70: X | S70: x | T70: x | U70: 1
B71: 67 | C71: Group L | D71: Jun 17 | E71: England vs Croatia | G71: X | H71: 2 | I71: X | J71: 2 | K71: 1 | L71: 2 | M71: 1 | N71: 1 | O71: 1 | P71: X | Q71: 1 | R71: 1 | S71: 1 | T71: x | U71: 1
B72: 68 | C72: Group L | D72: Jun 17 | E72: Ghana vs Panama | G72: 1 | H72: 2 | I72: 1 | J72: X | K72: 1 | L72: 2 | M72: x | N72: 2 | O72: 1 | P72: 1 | Q72: 1 | R72: 1 | S72: 2 | T72: x | U72: 1
B73: 69 | C73: Group L | D73: Jun 23 | E73: England vs Ghana | G73: 1 | H73: 1 | I73: X | J73: 1 | K73: 1 | L73: 1 | M73: 1 | N73: 1 | O73: 1 | P73: 1 | Q73: 1 | R73: 1 | S73: 1 | T73: 1 | U73: 1
B74: 70 | C74: Group L | D74: Jun 23 | E74: Croatia vs Panama | G74: 1 | H74: 1 | I74: X | J74: 1 | K74: 1 | L74: 1 | M74: 1 | N74: x | O74: 1 | P74: 1 | Q74: 1 | R74: 1 | S74: 1 | T74: 1 | U74: 1
B75: 71 | C75: Group L | D75: Jun 27 | E75: England vs Panama | G75: 1 | H75: x | I75: 1 | J75: 2 | K75: 1 | L75: 1 | M75: 1 | N75: 1 | O75: 1 | P75: 1 | Q75: 1 | R75: 1 | S75: 1 | T75: x | U75: 1
B76: 72 | C76: Group L | D76: Jun 27 | E76: Croatia vs Ghana | G76: X | H76: x | I76: 2 | J76: X | K76: x | L76: 1 | M76: 1 | N76: 1 | O76: 1 | P76: 1 | Q76: X | R76: X | S76: 1 | T76: x | U76: 1

Sheet Scoreboard
B2: LEADEBOARD
B3: 10 points per correct prediction • 72 matches • 720 points possible
B4: Pos. | C4: Participant | D4: Total Points | E4: Accuracy % | F4: Correct Picks
B5: 1 | C5: =+'Group Stage'!$U$4 -> Eduardo Sama | D5: {=SUMPRODUCT(('Group Stage'!F5:F76<>"")*('Group Stage'!U5:U76<>"")*('Group Stage'!F5:F76='Group Stage'!U5:U76))*10} -> 10 | E5: =D5/(COUNT('Group Stage'!$F$5:$F$76)*10) -> 1 | F5: =IFERROR(D5/10,0) -> 1
B6: 2 | C6: ='Group Stage'!$G$4 -> Enrique | D6: =SUMPRODUCT(('Group Stage'!F5:F76<>"")*('Group Stage'!G5:G76<>"")*('Group Stage'!F5:F76='Group Stage'!G5:G76))*10 -> 10 | E6: =D6/(COUNT('Group Stage'!$F$5:$F$76)*10) -> 1 | F6: =IFERROR(D6/10,0) -> 1
B7: 3 | C7: ='Group Stage'!$K$4 -> Karla Alonzo | D7: =SUMPRODUCT(('Group Stage'!F5:F76<>"")*('Group Stage'!K5:K76<>"")*('Group Stage'!F5:F76='Group Stage'!K5:K76))*10 -> 10 | E7: =D7/(COUNT('Group Stage'!$F$5:$F$76)*10) -> 1 | F7: =IFERROR(D7/10,0) -> 1
B8: 4 | C8: ='Group Stage'!$L$4 -> Milena | D8: =SUMPRODUCT(('Group Stage'!F5:F76<>"")*('Group Stage'!L5:L76<>"")*('Group Stage'!F5:F76='Group Stage'!L5:L76))*10 -> 10 | E8: =D8/(COUNT('Group Stage'!$F$5:$F$76)*10) -> 1 | F8: =IFERROR(D8/10,0) -> 1
B9: 5 | C9: ='Group Stage'!$M$4 -> Eduardo MP | D9: =SUMPRODUCT(('Group Stage'!F5:F76<>"")*('Group Stage'!M5:M76<>"")*('Group Stage'!F5:F76='Group Stage'!M5:M76))*10 -> 10 | E9: =D9/(COUNT('Group Stage'!$F$5:$F$76)*10) -> 1 | F9: =IFERROR(D9/10,0) -> 1
B10: 6 | C10: ='Group Stage'!$N$4 -> Miranda | D10: =SUMPRODUCT(('Group Stage'!F5:F76<>"")*('Group Stage'!N5:N76<>"")*('Group Stage'!F5:F76='Group Stage'!N5:N76))*10 -> 10 | E10: =D10/(COUNT('Group Stage'!$F$5:$F$76)*10) -> 1 | F10: =IFERROR(D10/10,0) -> 1
B11: 7 | C11: ='Group Stage'!$O$4 -> Juan Corredor | D11: =SUMPRODUCT(('Group Stage'!F5:F76<>"")*('Group Stage'!O5:O76<>"")*('Group Stage'!F5:F76='Group Stage'!O5:O76))*10 -> 10 | E11: =D11/(COUNT('Group Stage'!$F$5:$F$76)*10) -> 1 | F11: =IFERROR(D11/10,0) -> 1
B12: 8 | C12: ='Group Stage'!$P$4 -> Eddie y Liza | D12: =SUMPRODUCT(('Group Stage'!F5:F76<>"")*('Group Stage'!P5:P76<>"")*('Group Stage'!F5:F76='Group Stage'!P5:P76))*10 -> 10 | E12: =D12/(COUNT('Group Stage'!$F$5:$F$76)*10) -> 1 | F12: =IFERROR(D12/10,0) -> 1
B13: 9 | C13: ='Group Stage'!$Q$4 -> AX ML | D13: {=SUMPRODUCT(('Group Stage'!F5:F76<>"")*('Group Stage'!Q5:Q76<>"")*('Group Stage'!F5:F76='Group Stage'!Q5:Q76))*10} -> 10 | E13: =D13/(COUNT('Group Stage'!$F$5:$F$76)*10) -> 1 | F13: =IFERROR(D13/10,0) -> 1
B14: 10 | C14: ='Group Stage'!$R$4 -> Ricardo JR | D14: {=SUMPRODUCT(('Group Stage'!F5:F76<>"")*('Group Stage'!R5:R76<>"")*('Group Stage'!F5:F76='Group Stage'!R5:R76))*10} -> 10 | E14: =D14/(COUNT('Group Stage'!$F$5:$F$76)*10) -> 1 | F14: =IFERROR(D14/10,0) -> 1
B15: 11 | C15: ='Group Stage'!$S$4 -> Carito | D15: {=SUMPRODUCT(('Group Stage'!F5:F76<>"")*('Group Stage'!S5:S76<>"")*('Group Stage'!F5:F76='Group Stage'!S5:S76))*10} -> 10 | E15: =D15/(COUNT('Group Stage'!$F$5:$F$76)*10) -> 1 | F15: =IFERROR(D15/10,0) -> 1
B16: 12 | C16: ='Group Stage'!$T$4 -> Peyito | D16: {=SUMPRODUCT(('Group Stage'!F5:F76<>"")*('Group Stage'!T5:T76<>"")*('Group Stage'!F5:F76='Group Stage'!T5:T76))*10} -> 10 | E16: =D16/(COUNT('Group Stage'!$F$5:$F$76)*10) -> 1 | F16: =IFERROR(D16/10,0) -> 1
B17: 13 | C17: ='Group Stage'!$H$4 -> Raul MP | D17: =SUMPRODUCT(('Group Stage'!F5:F76<>"")*('Group Stage'!H5:H76<>"")*('Group Stage'!F5:F76='Group Stage'!H5:H76))*10 -> 0 | E17: =D17/(COUNT('Group Stage'!$F$5:$F$76)*10) -> 0 | F17: =IFERROR(D17/10,0) -> 0
B18: 14 | C18: ='Group Stage'!$I$4 -> Fernando MP | D18: =SUMPRODUCT(('Group Stage'!F5:F76<>"")*('Group Stage'!I5:I76<>"")*('Group Stage'!F5:F76='Group Stage'!I5:I76))*10 -> 0 | E18: =D18/(COUNT('Group Stage'!$F$5:$F$76)*10) -> 0 | F18: =IFERROR(D18/10,0) -> 0
B19: 15 | C19: ='Group Stage'!$J$4 -> MATTHEW | D19: =SUMPRODUCT(('Group Stage'!F5:F76<>"")*('Group Stage'!J5:J76<>"")*('Group Stage'!F5:F76='Group Stage'!J5:J76))*10 -> 0 | E19: =D19/(COUNT('Group Stage'!$F$5:$F$76)*10) -> 0 | F19: =IFERROR(D19/10,0) -> 0
C21: Maximum Possible | D21: 720 | E21: 1 | F21: 72
